id,created_by,created_date,updated_date,updated_by,email,first_name,last_name,password,username
2,system,2024-04-04 18:05:28.044745 +00:00,2024-04-04 18:05:44.716824 +00:00,system,dgrocock1@berkeley.edu,Dian,Grocock,$2a$04$VaReg0pIi28DMbguMosrxu7dNdmjCU48BT6OuXe1p/U.h2UWt5oLK,dgrocock1
14,system,2024-04-04 18:05:28.044745 +00:00,2024-04-04 18:05:44.716824 +00:00,system,lastled@scientificamerican.com,Livvie,Astle,$2a$04$2HBipE5yDYfNB8ChQy8nsejBXbKA1jR/YTcWFvb0R0yO82Lj.9Ml6,lastled
4,system,2024-04-04 18:05:28.044745 +00:00,2024-04-04 18:05:44.716824 +00:00,system,tallsebrook3@tripadvisor.com,Trevar,Allsebrook,$2a$04$rZoJUmqmyolDn.xtkw/CjOMKWw84E2DZoSCDXRqHa09.ahtsX9Ld6,tallsebrook3
10,system,2024-04-04 18:05:28.044745 +00:00,2024-04-04 18:05:44.716824 +00:00,system,creal9@economist.com,Crysta,Real,$2a$04$sjZrjKqpx7E8NjY77DnXWusteUHh8WMcXOTM9xxDaB.yzfIfbl63u,creal9
8,system,2024-04-04 18:05:28.044745 +00:00,2024-04-04 18:05:44.716824 +00:00,system,rlosty7@ovh.net,Reube,Losty,$2a$04$uO/.J8WVG4loQ/aLaohxyuV5F6FQvp78L3rRa9pPx13n4UvLWmyR.,rlosty7
6,system,2024-04-04 18:05:28.044745 +00:00,2024-04-04 18:05:44.716824 +00:00,system,parne5@auda.org.au,Pattie,Arne,$2a$04$S6J3aZAiFBItpljjnsDDHOiucQMC2aeOkj.KnUHmpza9yoM/L9gMC,parne5
15,system,2024-04-04 18:05:28.044745 +00:00,2024-04-04 18:05:44.716824 +00:00,system,astoreye@imdb.com,Arni,Storey,$2a$04$ZAi8d0PS4VlDJBQhV8A38etqcN8WCVZ0JzBBzuYG/jnPsCh8lT1RS,astoreye
9,system,2024-04-04 18:05:28.044745 +00:00,2024-04-04 18:05:44.716824 +00:00,system,ndade8@vistaprint.com,Nissie,Dade,$2a$04$/Nyi86rkjFgpWUiLLwBS..W/WIW6eSvY/A9bPj5zjtCIj.fhbulu.,ndade8
3,system,2024-04-04 18:05:28.044745 +00:00,2024-04-04 18:05:44.716824 +00:00,system,econdy2@time.com,Emmy,Condy,$2a$04$hnnvfhekw.DtubHJLeDi1uUtgrbYad8LOy6MS7Xd3WdMPAKSWlr6G,econdy2
5,system,2024-04-04 18:05:28.044745 +00:00,2024-04-04 18:05:44.716824 +00:00,system,ntixier4@telegraph.co.uk,Norri,Tixier,$2a$04$BLk.CBclMgJqUPbsjxkF.uJ7fEkMx3EwTxearnlhevKcz9wLj9yhq,ntixier4
7,system,2024-04-04 18:05:28.044745 +00:00,2024-04-04 18:05:44.716824 +00:00,system,mneeve6@admin.ch,Marlo,Neeve,$2a$04$XiE9ebN0dzt830MJsbty5uHIDwk6txQd1BVXadCFmjzEFfPViM.rG,mneeve6
1,system,2024-04-04 18:05:28.044745 +00:00,2024-04-04 18:05:44.716824 +00:00,system,mfarlow0@bloglines.com,Mattie,Farlow,$2a$04$5h1qV1XnfyjgQL5loFcQtu4e33RFTr7EIRPfFg7jAquzLbN4PwFP6,mfarlow0
11,system,2024-04-04 18:05:28.044745 +00:00,2024-04-04 18:05:44.716824 +00:00,system,mtimperleya@amazon.co.jp,Maure,Timperley,$2a$04$NwAwzaceyHm8yiehjhjT6OeGGXLFyZiKYorm9MrEgnH.QkBUS3T7q,mtimperleya
13,system,2024-04-04 18:05:28.044745 +00:00,2024-04-04 18:05:44.716824 +00:00,system,kgurgec@nps.gov,Kati,Gurge,$2a$04$PprygdZqhdONvJj0bMQPuOYmve8dmXQoriCAaYYUS5XJcRi32aNpm,kgurgec
12,system,2024-04-04 18:05:28.044745 +00:00,2024-04-04 18:05:44.716824 +00:00,system,dortzenb@google.nl,Dulcea,Ortzen,$2a$04$kil1u0kNgaiTjXpSgr5L/O.7MH/4llIzE46n5MllQ8xzLdc1blcqW,dortzenb
